{"cameraMode":{"drawMode":0,"name":"Shaded","section":"Shading Mode"},"sceneLighting":true,"audioPlay":false,"sceneViewState":{"m_AlwaysRefresh":false,"showFog":true,"showSkybox":true,"showFlares":true,"showImageEffects":true,"showParticleSystems":true,"showVisualEffectGraphs":true,"m_FxEnabled":true},"in2DMode":false,"pivot":{"x":0.9531168937683106,"y":1.8188484907150269,"z":0.22493267059326173},"rotation":{"x":-0.19524119794368745,"y":0.7760749459266663,"z":-0.28845322132110598,"w":-0.5255178213119507},"size":1.0219932794570923,"orthographic":false}