{"cameraMode":{"drawMode":0,"name":"Shaded","section":"Shading Mode"},"sceneLighting":true,"audioPlay":false,"sceneViewState":{"m_AlwaysRefresh":false,"showFog":true,"showSkybox":true,"showFlares":true,"showImageEffects":true,"showParticleSystems":true,"showVisualEffectGraphs":true,"m_FxEnabled":true},"in2DMode":false,"pivot":{"x":23.818527221679689,"y":41.84747314453125,"z":-20.465391159057618},"rotation":{"x":0.3870866000652313,"y":-0.5875567197799683,"z":0.37807855010032656,"w":0.6014513373374939},"size":11.438788414001465,"orthographic":false}